<?xml version="1.0" encoding="UTF-8" standalone="no"?>
<!DOCTYPE properties SYSTEM "http://java.sun.com/dtd/properties.dtd">
<properties>
    <entry key="host">smtp.gmail.com</entry>
    <entry key="hostPort">25</entry>
    <!--Please configure your sender username and password here-->
    <entry key="senderUsername"></entry>
    <entry key="senderPassword"></entry>
    <entry key="emailSubject">Selenium automation report run on :</entry>
    <entry key="emailMessageBody">
        Hi,
        Kindly have a look at the automation report attached along with the mail.
        Note : This is system generated mail. Please do no reply.
    </entry>
    <!--Please enter the recepients email id below seperated by comma
    eg : kiran.menon@softvision.com,kirangokulan.menon@cognizant.com -->
    <entry key="recepients"></entry>



</properties>

